index,reference,x,y,center_x_mm,center_y_mm,DIN_net,DOUT_net
1,LED01,0,0,4.60,8.00,LED_DATA_0,LED_DATA_1
2,LED02,1,0,7.00,8.00,LED_DATA_1,LED_DATA_2
3,LED03,2,0,9.40,8.00,LED_DATA_2,LED_DATA_3
4,LED04,3,0,11.80,8.00,LED_DATA_3,LED_DATA_4
5,LED05,4,0,14.20,8.00,LED_DATA_4,LED_DATA_5
6,LED06,5,0,16.60,8.00,LED_DATA_5,LED_DATA_6
7,LED07,6,0,19.00,8.00,LED_DATA_6,LED_DATA_7
8,LED08,7,0,21.40,8.00,LED_DATA_7,LED_DATA_8
9,LED09,7,1,21.40,10.40,LED_DATA_8,LED_DATA_9
10,LED10,6,1,19.00,10.40,LED_DATA_9,LED_DATA_10
11,LED11,5,1,16.60,10.40,LED_DATA_10,LED_DATA_11
12,LED12,4,1,14.20,10.40,LED_DATA_11,LED_DATA_12
13,LED13,3,1,11.80,10.40,LED_DATA_12,LED_DATA_13
14,LED14,2,1,9.40,10.40,LED_DATA_13,LED_DATA_14
15,LED15,1,1,7.00,10.40,LED_DATA_14,LED_DATA_15
16,LED16,0,1,4.60,10.40,LED_DATA_15,LED_DATA_16
17,LED17,0,2,4.60,12.80,LED_DATA_16,LED_DATA_17
18,LED18,1,2,7.00,12.80,LED_DATA_17,LED_DATA_18
19,LED19,2,2,9.40,12.80,LED_DATA_18,LED_DATA_19
20,LED20,3,2,11.80,12.80,LED_DATA_19,LED_DATA_20
21,LED21,4,2,14.20,12.80,LED_DATA_20,LED_DATA_21
22,LED22,5,2,16.60,12.80,LED_DATA_21,LED_DATA_22
23,LED23,6,2,19.00,12.80,LED_DATA_22,LED_DATA_23
24,LED24,7,2,21.40,12.80,LED_DATA_23,LED_DATA_24
25,LED25,7,3,21.40,15.20,LED_DATA_24,LED_DATA_25
26,LED26,6,3,19.00,15.20,LED_DATA_25,LED_DATA_26
27,LED27,5,3,16.60,15.20,LED_DATA_26,LED_DATA_27
28,LED28,4,3,14.20,15.20,LED_DATA_27,LED_DATA_28
29,LED29,3,3,11.80,15.20,LED_DATA_28,LED_DATA_29
30,LED30,2,3,9.40,15.20,LED_DATA_29,LED_DATA_30
31,LED31,1,3,7.00,15.20,LED_DATA_30,LED_DATA_31
32,LED32,0,3,4.60,15.20,LED_DATA_31,LED_DATA_32
33,LED33,0,4,4.60,17.60,LED_DATA_32,LED_DATA_33
34,LED34,1,4,7.00,17.60,LED_DATA_33,LED_DATA_34
35,LED35,2,4,9.40,17.60,LED_DATA_34,LED_DATA_35
36,LED36,3,4,11.80,17.60,LED_DATA_35,LED_DATA_36
37,LED37,4,4,14.20,17.60,LED_DATA_36,LED_DATA_37
38,LED38,5,4,16.60,17.60,LED_DATA_37,LED_DATA_38
39,LED39,6,4,19.00,17.60,LED_DATA_38,LED_DATA_39
40,LED40,7,4,21.40,17.60,LED_DATA_39,LED_DATA_40
41,LED41,7,5,21.40,20.00,LED_DATA_40,LED_DATA_41
42,LED42,6,5,19.00,20.00,LED_DATA_41,LED_DATA_42
43,LED43,5,5,16.60,20.00,LED_DATA_42,LED_DATA_43
44,LED44,4,5,14.20,20.00,LED_DATA_43,LED_DATA_44
45,LED45,3,5,11.80,20.00,LED_DATA_44,LED_DATA_45
46,LED46,2,5,9.40,20.00,LED_DATA_45,LED_DATA_46
47,LED47,1,5,7.00,20.00,LED_DATA_46,LED_DATA_47
48,LED48,0,5,4.60,20.00,LED_DATA_47,LED_DATA_48
49,LED49,0,6,4.60,22.40,LED_DATA_48,LED_DATA_49
50,LED50,1,6,7.00,22.40,LED_DATA_49,LED_DATA_50
51,LED51,2,6,9.40,22.40,LED_DATA_50,LED_DATA_51
52,LED52,3,6,11.80,22.40,LED_DATA_51,LED_DATA_52
53,LED53,4,6,14.20,22.40,LED_DATA_52,LED_DATA_53
54,LED54,5,6,16.60,22.40,LED_DATA_53,LED_DATA_54
55,LED55,6,6,19.00,22.40,LED_DATA_54,LED_DATA_55
56,LED56,7,6,21.40,22.40,LED_DATA_55,LED_DATA_56
57,LED57,7,7,21.40,24.80,LED_DATA_56,LED_DATA_57
58,LED58,6,7,19.00,24.80,LED_DATA_57,LED_DATA_58
59,LED59,5,7,16.60,24.80,LED_DATA_58,LED_DATA_59
60,LED60,4,7,14.20,24.80,LED_DATA_59,LED_DATA_60
61,LED61,3,7,11.80,24.80,LED_DATA_60,LED_DATA_61
62,LED62,2,7,9.40,24.80,LED_DATA_61,LED_DATA_62
63,LED63,1,7,7.00,24.80,LED_DATA_62,LED_DATA_63
64,LED64,0,7,4.60,24.80,LED_DATA_63,LED_DATA_64
65,LED65,0,8,4.60,27.20,LED_DATA_64,LED_DATA_65
66,LED66,1,8,7.00,27.20,LED_DATA_65,LED_DATA_66
67,LED67,2,8,9.40,27.20,LED_DATA_66,LED_DATA_67
68,LED68,3,8,11.80,27.20,LED_DATA_67,LED_DATA_68
69,LED69,4,8,14.20,27.20,LED_DATA_68,LED_DATA_69
70,LED70,5,8,16.60,27.20,LED_DATA_69,LED_DATA_70
71,LED71,6,8,19.00,27.20,LED_DATA_70,LED_DATA_71
72,LED72,7,8,21.40,27.20,LED_DATA_71,LED_DATA_72
73,LED73,7,9,21.40,29.60,LED_DATA_72,LED_DATA_73
74,LED74,6,9,19.00,29.60,LED_DATA_73,LED_DATA_74
75,LED75,5,9,16.60,29.60,LED_DATA_74,LED_DATA_75
76,LED76,4,9,14.20,29.60,LED_DATA_75,LED_DATA_76
77,LED77,3,9,11.80,29.60,LED_DATA_76,LED_DATA_77
78,LED78,2,9,9.40,29.60,LED_DATA_77,LED_DATA_78
79,LED79,1,9,7.00,29.60,LED_DATA_78,LED_DATA_79
80,LED80,0,9,4.60,29.60,LED_DATA_79,NC
